date,ticker,name,account,qty,rate_per_unit,gross,currency,gross_sgd
2016-09-30,43Q,ADVANCER GLOBAL,CDP,6000,0,21,SGD,21.00
2017-02-17,42R,Jumbo,CDP,3000,0.02,51,SGD,51.00
2017-05-31,43Q,ADVANCER GLOBAL,CDP,6000,0,25.8,SGD,25.80
2017-06-08,42R,Jumbo,CDP,3000,0.01,15,SGD,15.00
2017-07-17,BVA,TOP GLOVE,CDP,16000,0.02,308.5,SGD,308.50
2017-08-17,Z74,SingTel,CDP,2500,0.11,267.5,SGD,267.50
2017-09-29,43Q,ADVANCER GLOBAL,CDP,6000,0,29.4,SGD,29.40
2017-11-21,F17,GuocoLand,CDP,5000,0.07,350,SGD,350.00
2018-01-10,Z74,SingTel,CDP,11000,0.1,1078,SGD,1078.00
2018-01-17,O5RU,AIMS APAC REIT,CDP,7500,0.02,143.25,SGD,143.25
2018-02-14,42R,Jumbo,CDP,3000,0.01,36,SGD,36.00
2018-02-28,P40U,STARHILLGBL REIT,CDP,13500,0.01,157.95,SGD,157.95
2018-02-28,SV3U,Soibuild Biz Reit,CDP,15500,0.01,214.37,SGD,214.37
2018-03-22,O5RU,AIMS APAC REIT,CDP,27500,0.01,195.25,SGD,195.25
2018-05-15,D05,DBS Group Holdings Ltd,CDP,1400,1.1,1540,SGD,1540.00
2018-05-16,F34,Wilmar,CPF,4000,0.07,280,SGD,280.00
2018-05-17,CHZ,HRnetGroup,CDP,10000,0.02,230,SGD,230.00
2018-05-18,OU8,Centurion,CDP,20000,0.02,300,SGD,300.00
2018-06-07,42R,Jumbo,CDP,3000,0.01,15,SGD,15.00
2018-06-21,O5RU,AIMS APAC REIT,CDP,27500,0.03,723.25,SGD,723.25
2018-06-22,Q01,QAF,CDP,17000,0.04,680,SGD,680.00
2018-08-13,Z74,SingTel,CPF,4900,0.107,524.3,SGD,524.30
2018-08-21,D05,DBS Group Holdings Ltd,CDP,1800,0.6,1080,SGD,1080.00
2018-08-31,F34,Wilmar,CPF,4000,0.035,140,SGD,140.00
2018-09-04,OU8,Centurion,CDP,20000,0.01,200,SGD,200.00
2018-09-20,O5RU,AIMS APAC REIT,CDP,27500,0.03,687.5,SGD,687.50
2018-10-17,Q01,QAF,CDP,17000,0.01,170,SGD,170.00
2018-11-22,F17,GuocoLand,CDP,5000,0.07,350,SGD,350.00
2018-12-21,O5RU,AIMS APAC REIT,CDP,27500,0.03,687.5,SGD,687.50
2018-12-21,S7OU,Asian Pay Tv Tr,CDP,108000,0.02,1755,SGD,1755.00
2019-01-10,Z74,SingTel,CPF,4900,0.068,333.2,SGD,333.20
2019-02-18,42R,Jumbo,CDP,3000,0.01,21,SGD,21.00
2019-03-29,O5RU,AIMS APAC REIT,CDP,27500,0.03,687.5,SGD,687.50
2019-03-29,S7OU,Asian Pay Tv Tr,CDP,108000,0,324,SGD,324.00
2019-05-14,MR7,Nordic,CDP,31500,0,111.2,SGD,111.20
2019-05-15,CHZ,HRnetGroup,CDP,10000,0.03,280,SGD,280.00
2019-05-17,D05,DBS Group Holdings Ltd,CDP,1800,0.6,1080,SGD,1080.00
2019-05-22,J2T,Hock Lian Seng,CDP,45000,0.02,810,SGD,810.00
2019-05-22,Q01,QAF,CDP,17000,0.04,680,SGD,680.00
2019-05-23,OU8,Centurion,CDP,20000,0.01,200,SGD,200.00
2019-05-24,1J5,HYPHENS PHARMA,CDP,3000,0.01,16.5,SGD,16.50
2019-05-31,D05,DBS Group Holdings Ltd,CDP,1800,0.3,540,SGD,540.00
2019-06-04,42R,Jumbo,CDP,3000,0.01,15,SGD,15.00
2019-06-20,O5RU,AIMS APAC REIT,CDP,28006,0.03,784.17,SGD,784.17
2019-06-20,S7OU,Asian Pay Tv Tr,CDP,108000,0,324,SGD,324.00
2019-06-21,ADQU,Accordia Golf Tr,CDP,20000,0.02,426,SGD,426.00
2019-08-15,Z74,SingTel,CDP,17100,0.11,1829.7,SGD,1829.70
2019-08-20,D05,DBS Group Holdings Ltd,CDP,1800,0.3,540,SGD,540.00
2019-09-05,MR7,Nordic,CDP,31500,0,135.14,SGD,135.14
2019-09-12,OU8,Centurion,CDP,20000,0.01,200,SGD,200.00
2019-09-19,O5RU,AIMS APAC REIT,CDP,28569,0.03,714.23,SGD,714.23
2019-09-25,Q01,QAF,CDP,17000,0.01,170,SGD,170.00
2019-09-26,CRPU,SASSEUR REIT,CDP,6500,0.02,104.52,SGD,104.52
2019-09-27,S7OU,Asian Pay Tv Tr,CDP,108000,0,324,SGD,324.00
2019-10-25,558,UMS,CDP,10000,0.01,50,SGD,50.00
2019-11-21,F17,GuocoLand,CDP,5000,0.07,350,SGD,350.00
2019-11-29,D05,DBS Group Holdings Ltd,CDP,2800,0.3,840,SGD,840.00
2019-12-18,ADQU,Accordia Golf Tr,CDP,40000,0.03,1044,SGD,1044.00
2019-12-20,O5RU,AIMS APAC REIT,CDP,28569,0.03,714.23,SGD,714.23
2019-12-24,S7OU,Asian Pay Tv Tr,CDP,108000,0,324,SGD,324.00
2019-12-27,CRPU,SASSEUR REIT,CDP,6500,0.02,106.6,SGD,106.60
2020-01-10,Z74,SingTel,CDP,10000,0.07,680,SGD,680.00
2020-02-05,42R,Jumbo,CDP,3000,0.01,21,SGD,21.00
2020-03-06,5CP,Silverlake Axis,CDP,25000,0,75,SGD,75.00
2020-03-26,CRPU,SASSEUR REIT,CDP,6500,0.02,105.89,SGD,105.89
2020-03-26,O5RU,AIMS APAC REIT,CDP,29090,0.03,727.25,SGD,727.25
2020-03-30,LIW,EAGLE HTRUST USD,CDP,30100,0.03,1046.88,USD,1350.79
2020-03-30,SET,Stoneweg European Reit,CDP,1400,0.1,142.1,EUR,210.49
2020-05-26,D05,DBS Group Holdings Ltd,CPF,1100,0.33,363,SGD,363.00
2020-05-26,D05,DBS Group Holdings Ltd,FSM,,,924,SGD,924.00
2020-05-26,D05,DBS Group Holdings Ltd,FSM,,,924,SGD,924.00
2020-05-26,OU8,Centurion,FSM,,,137,SGD,137.00
2020-05-29,N2IU,Mapletree Com Tr,FSM,,,29.12,SGD,29.12
2020-06-05,Q01,QAF,CDP,17000,0.04,680,SGD,680.00
2020-06-05,C38U,CapitaMall Trust,FSM,,,27.2,SGD,27.20
2020-06-08,1J5,HYPHENS PHARMA,CDP,3000,0.01,30,SGD,30.00
2020-06-26,CRPU,SASSEUR REIT,FSM,,,73.37,SGD,73.37
2020-06-29,ADQU,Accordia Golf Tr,CDP,40000,0.02,676,SGD,676.00
2020-06-29,O5RU,AIMS APAC REIT,FSM,,,652.14,SGD,652.14
2020-06-29,O5RU,AIMS APAC REIT,FSM,,,29.66,SGD,29.66
2020-07-17,J2T,Hock Lian Seng,CDP,700,0.01,8.4,SGD,8.40
2020-08-27,UD1U,IREIT Global,FSM,,,270.75,SGD,270.75
2020-08-28,C38U,CapitaMall Trust,FSM,,,67.52,SGD,67.52
2020-09-08,ADQU,Accordia Golf Tr,CDP,40000,0.01,448,SGD,448.00
2020-09-17,O5RU,AIMS APAC REIT,FSM,,,524.99,SGD,524.99
2020-09-17,O5RU,AIMS APAC REIT,FSM,,,78.41,SGD,78.41
2020-09-17,O5RU,AIMS APAC REIT,FSM,,,78.41,SGD,78.41
2020-09-25,BTOU,ManulifeReit USD,CDP,5200,0.03,158.6,USD,204.64
2020-09-25,Q01,QAF,CDP,17000,0.01,170,SGD,170.00
2020-09-25,CRPU,SASSEUR REIT,FSM,,,83.16,SGD,83.16
2020-09-28,SET,Stoneweg European Reit,CDP,1400,0.09,39.06,EUR,57.86
2020-10-05,D05,DBS Group Holdings Ltd,CPF,1100,0.18,198,SGD,198.00
2020-10-07,O39,OCBC BANK,CDP,900,0.16,143.1,SGD,143.10
2020-10-14,H78,HongkongLand USD,FSM,,,60,USD,77.42
2020-11-17,5CP,Silverlake Axis,CDP,25000,0,82.5,SGD,82.50
2020-11-19,C38U,CapitaMall Trust,FSM,,,99.2,SGD,99.20
2020-11-19,C38U,CapitaMall Trust,FSM,,,28.48,SGD,28.48
2020-11-27,N2IU,Mapletree Com Tr,FSM,,,17.6,SGD,17.60
2020-11-27,N2IU,Mapletree Com Tr,FSM,,,115.84,SGD,115.84
2020-12-18,O5RU,AIMS APAC REIT,FSM,,,44.32,SGD,44.32
2020-12-18,O5RU,AIMS APAC REIT,FSM,,,613.62,SGD,613.62
2020-12-18,O5RU,AIMS APAC REIT,FSM,,,23.86,SGD,23.86
2020-12-18,O5RU,AIMS APAC REIT,SRS,3700,0.02,74,SGD,74.00
2020-12-28,CRPU,SASSEUR REIT,FSM,,,97.02,SGD,97.02
2020-12-29,D05,DBS Group Holdings Ltd,CPF,1100,0.18,198,SGD,198.00
2021-03-09,C38U,CapitaMall Trust,FSM,,,55.68,SGD,55.68
2021-03-12,UD1U,IREIT Global,FSM,,,346.62,SGD,346.62
2021-03-12,UD1U,IREIT Global,SRS,18200,0.0218,396.76,SGD,396.76
2021-03-19,O5RU,AIMS APAC REIT,FSM,,,17.05,SGD,17.05
2021-03-19,O5RU,AIMS APAC REIT,FSM,,,17.05,SGD,17.05
2021-03-19,O5RU,AIMS APAC REIT,FSM,,,664.76,SGD,664.76
2021-03-19,O5RU,AIMS APAC REIT,SRS,3700,0.0205,75.85,SGD,75.85
2021-03-26,CRPU,SASSEUR REIT,FSM,,,106.43,SGD,106.43
2021-03-30,BTOU,ManulifeReit USD,CDP,5200,0.03,134.68,USD,173.78
2021-03-31,SET,Stoneweg European Reit,CDP,1400,0.09,193.79,EUR,287.06
2021-03-31,SET,Stoneweg European Reit,CDP,1400,0.03,39.2,EUR,58.07
2021-05-06,F34,Wilmar,FSM,,,71.5,SGD,71.50
2021-05-06,F34,Wilmar,FSM,,,99,SGD,99.00
2021-05-06,U96,Sembcorp Ind,FSM,,,120,SGD,120.00
2021-05-06,F34,Wilmar,Tiger Prime,,,170.5,SGD,170.50
2021-05-12,H78,HongkongLand USD,FSM,,,160,USD,206.45
2021-05-18,9CI,CapitaLandInvest,CDP,2700,0.09,243,SGD,243.00
2021-05-19,S61,SBS Transit,Tiger Prime,,,107.1,SGD,107.10
2021-05-20,00010,Hang Lung Group,Tiger Prime,,,1890,HKD,311.28
2021-05-20,C52,ComfortDelGro,Tiger Prime,,,85.8,SGD,85.80
2021-05-21,J2T,Hock Lian Seng,CDP,700,0,1.75,SGD,1.75
2021-05-24,D05,DBS Group Holdings Ltd,CPF,1100,0.18,198,SGD,198.00
2021-05-25,1J5,HYPHENS PHARMA,CDP,3000,0.01,30,SGD,30.00
2021-05-25,Q01,QAF,CDP,17000,0.04,680,SGD,680.00
2021-06-02,01038,Cheung Kong Infrastructure,Tiger Prime,,,2685,HKD,442.22
2021-06-04,N2IU,Mapletree Com Tr,FSM,,,15.68,SGD,15.68
2021-06-04,N2IU,Mapletree Com Tr,FSM,,,154.56,SGD,154.56
2021-06-24,O5RU,AIMS APAC REIT,FSM,,,208.97,SGD,208.97
2021-06-24,O5RU,AIMS APAC REIT,FSM,,,779.64,SGD,779.64
2021-06-24,O5RU,AIMS APAC REIT,SRS,3700,0.029,107.3,SGD,107.30
2021-06-25,D05,DBS Group Holdings Ltd,CPF,1100,0.18,198,SGD,198.00
2021-06-25,CRPU,SASSEUR REIT,FSM,,,96.75,SGD,96.75
2021-06-29,O39,OCBC BANK,CDP,900,0.16,143.1,SGD,143.10
2021-07-07,00468,Greatview Aseptic Packaging,Tiger Prime,,,2520,HKD,415.04
2021-08-17,ADQU,Accordia Golf Tr,CDP,40000,0.02,868,SGD,868.00
2021-08-24,U96,Sembcorp Ind,FSM,,,60,SGD,60.00
2021-08-26,O39,OCBC BANK,CDP,900,0.25,225,SGD,225.00
2021-08-26,D05,DBS Group Holdings Ltd,CPF,1100,0.33,363,SGD,363.00
2021-08-26,D05,DBS Group Holdings Ltd,FSM,,,924,SGD,924.00
2021-08-27,F34,Wilmar,FSM,,,55,SGD,55.00
2021-08-27,UD1U,IREIT Global,FSM,,,364.11,SGD,364.11
2021-08-27,UD1U,IREIT Global,SRS,18200,0.0229,416.78,SGD,416.78
2021-08-27,F34,Wilmar,Tiger Prime,,,55,SGD,55.00
2021-09-01,S61,SBS Transit,Tiger Prime,,,97.75,SGD,97.75
2021-09-02,C52,ComfortDelGro,Tiger Prime,,,126,SGD,126.00
2021-09-09,C38U,CapitaMall Trust,FSM,,,163.52,SGD,163.52
2021-09-09,C38U,CapitaMall Trust,FSM,,,2.24,SGD,2.24
2021-09-15,01038,Cheung Kong Infrastructure,Tiger Prime,,,1035,HKD,170.46
2021-09-17,9CI,CapitaLandInvest,CDP,2700,0.95,2567.7,SGD,2567.70
2021-09-22,O5RU,AIMS APAC REIT,FSM,,,640.89,SGD,640.89
2021-09-22,O5RU,AIMS APAC REIT,FSM,,,126.13,SGD,126.13
2021-09-22,O5RU,AIMS APAC REIT,SRS,3700,0.0225,83.25,SGD,83.25
2021-09-27,BTOU,ManulifeReit USD,CDP,5200,0.03,140.4,USD,181.16
2021-09-27,Q01,QAF,CDP,17000,0.01,170,SGD,170.00
2021-09-28,SET,Stoneweg European Reit,CDP,1400,0.09,124.7,SGD,124.70
2021-09-28,CRPU,SASSEUR REIT,FSM,,,88.77,SGD,88.77
2021-09-29,00010,Hang Lung Group,Tiger Prime,,,630,HKD,103.76
2021-09-29,01883,CITIC Telecom,Tiger Prime,,,605,HKD,99.64
2021-10-13,H78,HongkongLand USD,FSM,,,60,USD,77.42
2021-10-18,00468,Greatview Aseptic Packaging,Tiger Prime,,,2160,HKD,355.75
2021-11-26,D05,DBS Group Holdings Ltd,CPF,1100,0.33,363,SGD,363.00
2021-11-26,D05,DBS Group Holdings Ltd,FSM,,,924,SGD,924.00
2021-11-30,N2IU,Mapletree Com Tr,FSM,,,2.56,SGD,2.56
2021-11-30,N2IU,Mapletree Com Tr,FSM,,,10.24,SGD,10.24
2021-11-30,N2IU,Mapletree Com Tr,FSM,,,127.68,SGD,127.68
2021-12-17,O5RU,AIMS APAC REIT,FSM,,,681.8,SGD,681.80
2021-12-17,O5RU,AIMS APAC REIT,FSM,,,170.45,SGD,170.45
2021-12-17,O5RU,AIMS APAC REIT,SRS,3700,0.025,92.5,SGD,92.50
2021-12-28,CRPU,SASSEUR REIT,FSM,,,100.71,SGD,100.71
2022-01-06,01310,HKBN,Tiger Prime,,,1312.5,HKD,216.17
2022-01-28,C38U,CapitaMall Trust,FSM,,,146.88,SGD,146.88
2022-01-28,C38U,CapitaMall Trust,FSM,,,8.32,SGD,8.32
2022-02-15,Q01,QAF,CDP,17000,0.02,340,SGD,340.00
2022-02-17,BTOU,ManulifeReit USD,CDP,5200,0.02,120.12,USD,154.99
2022-03-15,C38U,CapitaMall Trust,FSM,,,3.2,SGD,3.20
2022-03-15,C38U,CapitaMall Trust,FSM,,,8.64,SGD,8.64
2022-03-15,UD1U,IREIT Global,FSM,,,236.61,EUR,350.49
2022-03-15,UD1U,IREIT Global,FSM,,,124.28,EUR,184.10
2022-03-15,UD1U,IREIT Global,SRS,27100,0.0151,409.21,EUR,606.16
2022-03-25,O5RU,AIMS APAC REIT,FSM,,,593.17,SGD,593.17
2022-03-25,O5RU,AIMS APAC REIT,FSM,,,146.59,SGD,146.59
2022-03-25,O5RU,AIMS APAC REIT,FSM,,,61.36,SGD,61.36
2022-03-25,O5RU,AIMS APAC REIT,SRS,3700,0.0235,86.95,SGD,86.95
2022-03-29,CRPU,SASSEUR REIT,FSM,,,104.5,SGD,104.50
2022-03-30,BTOU,ManulifeReit USD,CDP,5200,0,16.64,USD,21.47
2022-03-31,SET,Stoneweg European Reit,CDP,1400,0.08,118.43,EUR,175.43
2022-04-22,D05,DBS Group Holdings Ltd,CPF,1100,0.36,396,SGD,396.00
2022-04-22,D05,DBS Group Holdings Ltd,FSM,,,1008,SGD,1008.00
2022-05-06,F34,Wilmar,FSM,,,115.5,SGD,115.50
2022-05-06,F34,Wilmar,Tiger Prime,,,115.5,SGD,115.50
2022-05-10,U96,Sembcorp Ind,FSM,3000,0.03,90,SGD,90.00
2022-05-11,H78,HongkongLand USD,FSM,,,160,USD,206.45
2022-05-19,00010,Hang Lung Group,Tiger Prime,,,1950,HKD,321.17
2022-05-20,9CI,CapitaLandInvest,CDP,2700,0.15,405,SGD,405.00
2022-05-20,J2T,Hock Lian Seng,CDP,700,0,0.88,SGD,0.88
2022-05-20,O39,OCBC BANK,CDP,919,0.28,257.32,SGD,257.32
2022-05-25,1J5,HYPHENS PHARMA,CDP,3000,0.01,20.1,SGD,20.10
2022-05-25,Q01,QAF,CDP,17000,0.04,680,SGD,680.00
2022-05-25,D05,DBS Group Holdings Ltd,CPF,1100,0.36,396,SGD,396.00
2022-05-25,D05,DBS Group Holdings Ltd,FSM,,,1008,SGD,1008.00
2022-05-26,S61,SBS Transit,SRS,5400,0.0245,132.3,SGD,132.30
2022-05-26,01310,HKBN,Tiger Prime,,,1400,HKD,230.58
2022-05-26,S61,SBS Transit,Tiger Prime,,,41.65,SGD,41.65
2022-05-27,C52,ComfortDelGro,CPF,7200,0.021,151.2,SGD,151.20
2022-05-27,OU8,Centurion,FSM,,,68.5,SGD,68.50
2022-05-27,C52,ComfortDelGro,Tiger Prime,,,126,SGD,126.00
2022-05-27,OU8,Centurion,Tiger Prime,,,62.5,SGD,62.50
2022-06-03,N2IU,Mapletree Com Tr,FSM,,,16.96,SGD,16.96
2022-06-03,N2IU,Mapletree Com Tr,FSM,,,147.52,SGD,147.52
2022-06-04,O5RU,AIMS APAC REIT,CDP,34090,0.02,804.52,SGD,804.52
2022-06-08,01038,Cheung Kong Infrastructure,Tiger Prime,,,2715,HKD,447.16
2022-06-13,01883,CITIC Telecom,Tiger Prime,,,1870,HKD,307.99
2022-06-24,O5RU,AIMS APAC REIT,FSM,,,550.89,SGD,550.89
2022-06-24,O5RU,AIMS APAC REIT,FSM,,,45.68,SGD,45.68
2022-06-24,O5RU,AIMS APAC REIT,FSM,,,207.95,SGD,207.95
2022-06-24,O5RU,AIMS APAC REIT,SRS,3700,0.0236,87.32,SGD,87.32
2022-06-28,CRPU,SASSEUR REIT,FSM,,,100.21,SGD,100.21
2022-08-24,F34,Wilmar,FSM,,,66,SGD,66.00
2022-08-24,F34,Wilmar,Tiger Prime,,,66,SGD,66.00
2022-08-25,O39,OCBC BANK,CDP,919,0.28,257.32,SGD,257.32
2022-08-25,N2IU,Mapletree Com Tr,FSM,,,96.64,SGD,96.64
2022-08-25,N2IU,Mapletree Com Tr,FSM,,,0.64,SGD,0.64
2022-08-25,S61,SBS Transit,SRS,5400,0.0545,294.3,SGD,294.30
2022-08-25,S61,SBS Transit,Tiger Prime,,,92.65,SGD,92.65
2022-08-26,D05,DBS Group Holdings Ltd,CPF,1100,0.36,396,SGD,396.00
2022-08-26,D05,DBS Group Holdings Ltd,FSM,,,1008,SGD,1008.00
2022-08-29,C52,ComfortDelGro,CPF,7200,0.0426,306.72,SGD,306.72
2022-08-29,C52,ComfortDelGro,Tiger Prime,,,84.6,SGD,84.60
2022-08-29,C52,ComfortDelGro,Tiger Prime,,,171,SGD,171.00
2022-08-31,UD1U,IREIT Global,FSM,,,219.88,EUR,325.71
2022-08-31,UD1U,IREIT Global,FSM,,,117.11,EUR,173.48
2022-08-31,UD1U,IREIT Global,SRS,27100,0.0141,382.11,EUR,566.02
2022-09-09,C38U,CapitaMall Trust,FSM,,,143.68,SGD,143.68
2022-09-09,C38U,CapitaMall Trust,FSM,,,0.96,SGD,0.96
2022-09-09,C38U,CapitaMall Trust,FSM,,,22.4,SGD,22.40
2022-09-15,01038,Cheung Kong Infrastructure,Tiger Prime,,,1050,HKD,172.94
2022-09-23,O5RU,AIMS APAC REIT,FSM,,,299.99,SGD,299.99
2022-09-23,O5RU,AIMS APAC REIT,FSM,,,477.26,SGD,477.26
2022-09-23,O5RU,AIMS APAC REIT,SRS,3700,0.0228,84.36,SGD,84.36
2022-09-26,Q01,QAF,CDP,17000,0.01,170,SGD,170.00
2022-09-27,BTOU,ManulifeReit USD,CDP,5200,0.03,135.72,USD,175.12
2022-09-27,CRPU,SASSEUR REIT,FSM,,,87.34,SGD,87.34
2022-09-28,SET,Stoneweg European Reit,CDP,14500,0.09,1260.78,EUR,1867.59
2022-09-29,OU8,Centurion,FSM,,,68.5,SGD,68.50
2022-09-29,00010,Hang Lung Group,Tiger Prime,,,630,HKD,103.76
2022-09-29,OU8,Centurion,Tiger Prime,,,62.5,SGD,62.50
2022-09-30,01883,CITIC Telecom,Tiger Prime,,,660,HKD,108.70
2022-10-12,H78,HongkongLand USD,FSM,,,60,USD,77.42
2022-11-24,D05,DBS Group Holdings Ltd,CPF,1100,0.36,396,SGD,396.00
2022-11-24,D05,DBS Group Holdings Ltd,FSM,,,1008,SGD,1008.00
2022-12-02,INTC,Intel,Tiger Prime,,,219,USD,282.58
2022-12-07,N2IU,Mapletree Com Tr,FSM,,,19.84,SGD,19.84
2022-12-07,N2IU,Mapletree Com Tr,FSM,,,38.08,SGD,38.08
2022-12-07,N2IU,Mapletree Com Tr,FSM,,,2.88,SGD,2.88
2022-12-23,O5RU,AIMS APAC REIT,FSM,,,593.17,SGD,593.17
2022-12-23,O5RU,AIMS APAC REIT,FSM,,,231.81,SGD,231.81
2022-12-23,O5RU,AIMS APAC REIT,SRS,3700,0.0242,89.54,SGD,89.54
2022-12-28,CRPU,SASSEUR REIT,FSM,,,101.09,SGD,101.09
2023-01-06,01310,HKBN,Tiger Prime,,,3100,HKD,510.57
2023-02-15,AAPL,AAPL,Moomoo,1,0.23,0.23,USD,0.30
2023-03-02,INTC,Intel,Tiger Prime,,,219,USD,282.58
2023-03-15,N2IU,Mapletree Com Tr,FSM,,,19.2,SGD,19.20
2023-03-15,N2IU,Mapletree Com Tr,FSM,,,11.52,SGD,11.52
2023-03-15,N2IU,Mapletree Com Tr,FSM,,,46.72,SGD,46.72
2023-03-17,C38U,CapitaMall Trust,FSM,,,3.52,SGD,3.52
2023-03-17,C38U,CapitaMall Trust,FSM,,,165.76,SGD,165.76
2023-03-17,C38U,CapitaMall Trust,FSM,,,2.24,SGD,2.24
2023-03-23,UD1U,IREIT Global,SRS,49100,0.0128,628.48,EUR,930.97
2023-03-24,O5RU,AIMS APAC REIT,FSM,,,634.07,SGD,634.07
2023-03-24,O5RU,AIMS APAC REIT,FSM,,,248.86,SGD,248.86
2023-03-24,UD1U,IREIT Global,FSM,,,62.14,EUR,92.05
2023-03-24,UD1U,IREIT Global,FSM,,,243.78,EUR,361.11
2023-03-24,O5RU,AIMS APAC REIT,SRS,3700,0.0259,95.83,SGD,95.83
2023-03-28,CRPU,SASSEUR REIT,FSM,,,71.61,SGD,71.61
2023-03-30,BTOU,ManulifeReit USD,CDP,5200,0.0214,111.28,USD,143.58
2023-03-31,SET,Stoneweg European Reit,Tiger Prime,,,1605.14,SGD,1605.14
2023-04-21,D05,DBS Group Holdings Ltd,CPF,1100,0.92,1012,SGD,1012.00
2023-04-21,D05,DBS Group Holdings Ltd,FSM,,,1400,SGD,1400.00
2023-04-21,D05,DBS Group Holdings Ltd,FSM,,,1176,SGD,1176.00
2023-05-12,F34,Wilmar,FSM,,,121,SGD,121.00
2023-05-12,F34,Wilmar,Tiger Prime,,,121,SGD,121.00
2023-05-15,9CI,CapitaLandInvest,Moomoo,,0.12,324,SGD,324.00
2023-05-15,AAPL,AAPL,Moomoo,1,0.24,0.24,USD,0.31
2023-05-16,S61,SBS Transit,SRS,5400,0.0545,294.3,SGD,294.30
2023-05-16,S61,SBS Transit,Tiger Prime,,,92.65,SGD,92.65
2023-05-18,C52,ComfortDelGro,CPF,7200,0.0422,303.84,SGD,303.84
2023-05-18,C52,ComfortDelGro,Tiger Prime,,,105.6,SGD,105.60
2023-05-18,C52,ComfortDelGro,Tiger Prime,,,147.6,SGD,147.60
2023-05-19,J2T,Hock Lian Seng,CDP,700,0.01,7,SGD,7.00
2023-05-19,O39,OCBC BANK,CDP,919,0.4,367.6,SGD,367.60
2023-05-22,D05,DBS Group Holdings Ltd,CPF,1100,0.42,462,SGD,462.00
2023-05-22,D05,DBS Group Holdings Ltd,FSM,,,1176,SGD,1176.00
2023-05-23,00010,Hang Lung Group,Tiger Prime,,,1950,HKD,321.17
2023-05-24,Q01,QAF,CDP,17000,0.04,680,SGD,680.00
2023-05-25,1J5,HYPHENS PHARMA,CDP,3000,0.0111,33.3,SGD,33.30
2023-05-31,01310,HKBN,Tiger Prime,,,4200,HKD,691.74
2023-06-02,INTC,Intel,Tiger Prime,,,75,USD,96.77
2023-06-07,01038,Cheung Kong Infrastructure,Tiger Prime,,,2745,HKD,452.10
2023-06-14,01883,CITIC Telecom,Tiger Prime,,,2035,HKD,335.16
2023-06-15,N2IU,Mapletree Com Tr,FSM,,,47.36,SGD,47.36
2023-06-15,N2IU,Mapletree Com Tr,FSM,,,19.2,SGD,19.20
2023-06-15,N2IU,Mapletree Com Tr,FSM,,,5.44,SGD,5.44
2023-06-27,CRPU,SASSEUR REIT,FSM,,,101.7,SGD,101.70
2023-06-28,O5RU,AIMS APAC REIT,FSM,,,603.39,SGD,603.39
2023-06-28,O5RU,AIMS APAC REIT,FSM,,,301.36,SGD,301.36
2023-06-28,O5RU,AIMS APAC REIT,SRS,3700,0.02654,98.2,SGD,98.20
2023-07-20,O5RU,AIMS APAC REIT,FSM,,,430.56,SGD,430.56
2023-07-20,O5RU,AIMS APAC REIT,FSM,,,183.06,SGD,183.06
2023-07-20,O5RU,AIMS APAC REIT,SRS,3700,0.016233,60.06,SGD,60.06
2023-08-15,AAPL,AAPL,Moomoo,1,0.24,0.24,USD,0.31
2023-08-15,HMN,CapitaLand Ascott Trust,Moomoo,,0.01629,0.63,SGD,0.63
2023-08-15,HMN,CapitaLand Ascott Trust,Moomoo,,0.00734,1.12,SGD,1.12
2023-08-24,D05,DBS Group Holdings Ltd,CPF,1100,0.48,528,SGD,528.00
2023-08-24,D05,DBS Group Holdings Ltd,FSM,,,1344,SGD,1344.00
2023-08-25,O39,OCBC BANK,CDP,919,0.4,367.6,SGD,367.60
2023-08-30,F34,Wilmar,FSM,,,66,SGD,66.00
2023-08-30,S61,SBS Transit,SRS,5400,0.0558,301.32,SGD,301.32
2023-08-30,F34,Wilmar,Tiger Prime,,,66,SGD,66.00
2023-08-30,S61,SBS Transit,Tiger Prime,,,94.86,SGD,94.86
2023-08-31,C52,ComfortDelGro,CPF,7200,0.029,208.8,SGD,208.80
2023-08-31,UD1U,IREIT Global,FSM,,,276.57,EUR,409.68
2023-08-31,UD1U,IREIT Global,FSM,,,131.7,EUR,195.09
2023-08-31,UD1U,IREIT Global,SRS,86005,0.0093,799.85,EUR,1184.82
2023-08-31,C52,ComfortDelGro,Tiger Prime,,,174,SGD,174.00
2023-09-13,01038,Cheung Kong Infrastructure,Tiger Prime,,,1065,HKD,175.41
2023-09-14,N2IU,Mapletree Com Tr,FSM,,,47.68,SGD,47.68
2023-09-14,N2IU,Mapletree Com Tr,FSM,,,7.36,SGD,7.36
2023-09-14,N2IU,Mapletree Com Tr,FSM,,,14.72,SGD,14.72
2023-09-15,C38U,CapitaMall Trust,FSM,,,161.28,SGD,161.28
2023-09-15,C38U,CapitaMall Trust,FSM,,,7.68,SGD,7.68
2023-09-15,C38U,CapitaMall Trust,FSM,,,0.64,SGD,0.64
2023-09-22,O5RU,AIMS APAC REIT,FSM,,,47.63,SGD,47.63
2023-09-22,O5RU,AIMS APAC REIT,FSM,,,145.15,SGD,145.15
2023-09-22,O5RU,AIMS APAC REIT,SRS,5000,0.0051,25.5,SGD,25.50
2023-09-25,Q01,QAF,CDP,17000,0.01,170,SGD,170.00
2023-09-26,CRPU,SASSEUR REIT,FSM,,,7.15,SGD,7.15
2023-09-26,CRPU,SASSEUR REIT,FSM,,,73.87,SGD,73.87
2023-09-28,SET,Stoneweg European Reit,Tiger Prime,,,1484.61,SGD,1484.61
2023-09-29,CMOU,Keppel Pacific Oak US Reit,Tiger Prime,,,187.5,SGD,187.50
2023-10-04,00010,Hang Lung Group,Tiger Prime,,,1680,HKD,276.70
2023-10-04,01883,CITIC Telecom,Tiger Prime,,,660,HKD,108.70
2023-11-15,AAPL,AAPL,Moomoo,1,0.24,0.24,USD,0.31
2023-11-27,D05,DBS Group Holdings Ltd,CPF,1100,0.48,528,SGD,528.00
2023-11-27,D05,DBS Group Holdings Ltd,FSM,,,1344,SGD,1344.00
2023-12-08,N2IU,Mapletree Com Tr,FSM,,,17.92,SGD,17.92
2023-12-08,N2IU,Mapletree Com Tr,FSM,,,4.16,SGD,4.16
2023-12-08,N2IU,Mapletree Com Tr,FSM,,,49.6,SGD,49.60
2023-12-22,O5RU,AIMS APAC REIT,FSM,,,210.17,SGD,210.17
2023-12-22,O5RU,AIMS APAC REIT,FSM,,,674.35,SGD,674.35
2023-12-22,O5RU,AIMS APAC REIT,SRS,5000,0.0234,117,SGD,117.00
2023-12-27,CRPU,SASSEUR REIT,FSM,,,3.03,SGD,3.03
2023-12-27,CRPU,SASSEUR REIT,FSM,,,80.14,SGD,80.14
2024-01-10,01310,HKBN,Tiger Prime,,,6800,HKD,1119.96
2024-01-22,BABA,Alibaba,Tiger Prime,,,101,USD,130.32
2024-03-14,N2IU,Mapletree Com Tr,FSM,,,12.8,SGD,12.80
2024-03-14,N2IU,Mapletree Com Tr,FSM,,,48,SGD,48.00
2024-03-14,N2IU,Mapletree Com Tr,FSM,,,9.6,SGD,9.60
2024-03-15,HMN,CapitaLand Ascott Trust,Moomoo,,0.00256,3.64,SGD,3.64
2024-03-15,HMN,CapitaLand Ascott Trust,Moomoo,,0.00461,0.71,SGD,0.71
2024-03-21,UD1U,IREIT Global,FSM,,,395.1,EUR,585.26
2024-03-21,UD1U,IREIT Global,FSM,,,17.56,EUR,26.01
2024-03-21,UD1U,IREIT Global,SRS,126005,0.0094,1184.45,EUR,1754.53
2024-03-22,O5RU,AIMS APAC REIT,FSM,,,665.66,SGD,665.66
2024-03-22,O5RU,AIMS APAC REIT,FSM,,,218.86,SGD,218.86
2024-03-22,O5RU,AIMS APAC REIT,SRS,5000,0.0234,117,SGD,117.00
2024-03-28,CRPU,SASSEUR REIT,FSM,,,77.83,SGD,77.83
2024-03-28,SET,Stoneweg European Reit,Tiger Prime,,,1512.2,SGD,1512.20
2024-04-03,01523,Plover Bay Tech,Tiger Prime,,,7910.4,HKD,1302.84
2024-04-19,D05,DBS Group Holdings Ltd,CPF,1100,0.54,594,SGD,594.00
2024-04-19,D05,DBS Group Holdings Ltd,FSM,,,1512,SGD,1512.00
2024-05-14,F34,Wilmar,FSM,,,121,SGD,121.00
2024-05-14,S61,SBS Transit,SRS,5400,0.0558,301.32,SGD,301.32
2024-05-14,F34,Wilmar,Tiger Prime,,,121,SGD,121.00
2024-05-14,S61,SBS Transit,Tiger Prime,,,94.86,SGD,94.86
2024-05-15,C52,ComfortDelGro,CPF,7200,0.0376,270.72,SGD,270.72
2024-05-15,9CI,CapitaLandInvest,Moomoo,,0.12,324,SGD,324.00
2024-05-15,C52,ComfortDelGro,Tiger Prime,,,225.6,SGD,225.60
2024-05-20,D05,DBS Group Holdings Ltd,CPF,1210,0.54,653.4,SGD,653.40
2024-05-20,D05,DBS Group Holdings Ltd,FSM,,,1663.2,SGD,1663.20
2024-05-30,5E2,Seatrium,FSM,,,0.97,SGD,0.97
2024-06-06,N2IU,Mapletree Com Tr,FSM,,,12.48,SGD,12.48
2024-06-06,N2IU,Mapletree Com Tr,FSM,,,49.6,SGD,49.60
2024-06-06,N2IU,Mapletree Com Tr,FSM,,,11.2,SGD,11.20
2024-06-07,01310,HKBN,Tiger Prime,,,6750,HKD,1111.73
2024-06-14,01038,Cheung Kong Infrastructure,Tiger Prime,,,2775,HKD,457.04
2024-06-17,01883,CITIC Telecom,Tiger Prime,,,2123,HKD,349.66
2024-06-18,00010,Hang Lung Group,Tiger Prime,,,9750,HKD,1605.83
2024-06-24,O5RU,AIMS APAC REIT,FSM,,,189.76,SGD,189.76
2024-06-24,O5RU,AIMS APAC REIT,FSM,,,706.1,SGD,706.10
2024-06-24,O5RU,AIMS APAC REIT,SRS,5000,0.0237,118.5,SGD,118.50
2024-07-16,BABA,Alibaba,Tiger Prime,,,167.66,USD,216.33
2024-08-20,01523,Plover Bay Tech,Tiger Prime,,,6931.2,HKD,1141.57
2024-08-26,D05,DBS Group Holdings Ltd,CPF,1210,0.54,653.4,SGD,653.40
2024-08-26,D05,DBS Group Holdings Ltd,FSM,,,1663.2,SGD,1663.20
2024-08-28,UD1U,IREIT Global,FSM,,,158.04,EUR,234.10
2024-08-28,UD1U,IREIT Global,FSM,,,263.4,EUR,390.17
2024-08-28,S61,SBS Transit,SRS,5400,0.0558,301.32,SGD,301.32
2024-08-28,UD1U,IREIT Global,SRS,136205,0.0096,1307.57,EUR,1936.90
2024-08-28,S61,SBS Transit,Tiger Prime,,,94.86,SGD,94.86
2024-08-29,C52,ComfortDelGro,CPF,7200,0.0352,253.44,SGD,253.44
2024-08-29,F34,Wilmar,FSM,,,66,SGD,66.00
2024-08-29,C52,ComfortDelGro,Tiger Prime,,,211.2,SGD,211.20
2024-08-29,F34,Wilmar,Tiger Prime,,,66,SGD,66.00
2024-09-12,N2IU,Mapletree Com Tr,FSM,,,47.68,SGD,47.68
2024-09-12,N2IU,Mapletree Com Tr,FSM,,,8.32,SGD,8.32
2024-09-12,N2IU,Mapletree Com Tr,FSM,,,10.88,SGD,10.88
2024-09-25,O5RU,AIMS APAC REIT,FSM,,,684.18,SGD,684.18
2024-09-25,O5RU,AIMS APAC REIT,FSM,,,173.88,SGD,173.88
2024-09-25,O5RU,AIMS APAC REIT,SRS,5000,0.0227,113.5,SGD,113.50
2024-09-25,00101,Hang Lung Properties,Tiger Cash Boost,,,120,HKD,19.76
2024-09-25,00010,Hang Lung Group,Tiger Prime,,,1470,HKD,242.11
2024-09-25,00101,Hang Lung Properties,Tiger Prime,,,2040,HKD,335.99
2024-09-25,01038,Cheung Kong Infrastructure,Tiger Prime,,,1080,HKD,177.88
2024-09-26,C38U,CapitaMall Trust,FSM,,,1.92,SGD,1.92
2024-09-26,C38U,CapitaMall Trust,FSM,,,1.6,SGD,1.60
2024-09-26,C38U,CapitaMall Trust,FSM,,,170.24,SGD,170.24
2024-09-26,CRPU,SASSEUR REIT,FSM,,,75.35,SGD,75.35
2024-09-26,CRPU,SASSEUR REIT,FSM,,,98.07,SGD,98.07
2024-09-27,01883,CITIC Telecom,Tiger Prime,,,660,HKD,108.70
2024-09-27,SET,Stoneweg European Reit,Tiger Prime,,,1326.31,SGD,1326.31
2024-10-17,C38U,CapitaMall Trust,FSM,,,1.6,SGD,1.60
2024-10-17,C38U,CapitaMall Trust,FSM,,,1.28,SGD,1.28
2024-10-17,C38U,CapitaMall Trust,FSM,,,66.24,SGD,66.24
2024-11-25,D05,DBS Group Holdings Ltd,CPF,1210,0.54,653.4,SGD,653.40
2024-11-25,D05,DBS Group Holdings Ltd,FSM,,,1663.2,SGD,1663.20
2024-12-06,N2IU,Mapletree Com Tr,FSM,,,40.96,SGD,40.96
2024-12-06,N2IU,Mapletree Com Tr,FSM,,,4.16,SGD,4.16
2024-12-06,N2IU,Mapletree Com Tr,FSM,,,18.24,SGD,18.24
2024-12-24,O5RU,AIMS APAC REIT,FSM,,,185.22,SGD,185.22
2024-12-24,O5RU,AIMS APAC REIT,FSM,,,721.98,SGD,721.98
2024-12-24,O5RU,AIMS APAC REIT,SRS,5000,0.024,120,SGD,120.00
2025-01-03,01310,HKBN,Tiger Prime,,,9405,HKD,1549.00
2025-03-07,N2IU,Mapletree Com Tr,FSM,,,3.2,SGD,3.20
2025-03-07,N2IU,Mapletree Com Tr,FSM,,,15.68,SGD,15.68
2025-03-07,N2IU,Mapletree Com Tr,FSM,,,45.12,SGD,45.12
2025-03-21,C38U,CapitaMall Trust,FSM,,,8.06,SGD,8.06
2025-03-21,C38U,CapitaMall Trust,FSM,,,178.56,SGD,178.56
2025-03-21,C38U,CapitaMall Trust,FSM,,,1.86,SGD,1.86
2025-03-21,C38U,CapitaMall Trust,FSM,,,15.5,SGD,15.50
2025-03-26,O5RU,AIMS APAC REIT,FSM,,,90.72,SGD,90.72
2025-03-26,O5RU,AIMS APAC REIT,FSM,,,26.46,SGD,26.46
2025-03-26,O5RU,AIMS APAC REIT,FSM,,,790.02,SGD,790.02
2025-03-26,O5RU,AIMS APAC REIT,SRS,5000,0.024,120,SGD,120.00
2025-03-27,CRPU,SASSEUR REIT,FSM,,,161.1,SGD,161.10
2025-03-27,UD1U,IREIT Global,FSM,,,131.7,EUR,195.09
2025-03-27,UD1U,IREIT Global,FSM,,,280.96,EUR,416.19
2025-03-27,UD1U,IREIT Global,SRS,136205,0.0094,1280.33,EUR,1896.55
2025-03-27,01523,Plover Bay Tech,Tiger Prime,,,12172.8,HKD,2004.86
2025-03-28,SET,Stoneweg European Reit,Tiger Prime,,,1335.2,SGD,1335.20
2025-04-04,NVDA,NVIDIA,Tiger Prime,,,1,USD,1.29
2025-04-16,D05,DBS Group Holdings Ltd,CPF,1210,0.6,726,SGD,726.00
2025-04-16,D05,DBS Group Holdings Ltd,FSM,,,1848,SGD,1848.00
2025-05-13,S61,SBS Transit,SRS,5400,0.231,1247.4,SGD,1247.40
2025-05-13,S61,SBS Transit,Tiger Prime,,,142.97,SGD,142.97
2025-05-13,S61,SBS Transit,Tiger Prime,,,249.73,SGD,249.73
2025-05-14,C52,ComfortDelGro,CPF,7200,0.0425,306,SGD,306.00
2025-05-14,C52,ComfortDelGro,Tiger Prime,,,255,SGD,255.00
2025-05-15,F34,Wilmar,FSM,,,110,SGD,110.00
2025-05-15,9CI,CapitaLandInvest,Moomoo,,0.12,324,SGD,324.00
2025-05-15,F34,Wilmar,Tiger Prime,,,110,SGD,110.00
2025-05-19,5E2,Seatrium,FSM,,,0.02,SGD,0.02
2025-05-27,D05,DBS Group Holdings Ltd,CPF,1210,0.75,907.5,SGD,907.50
2025-05-27,D05,DBS Group Holdings Ltd,FSM,,,1848,SGD,1848.00
2025-05-27,D05,DBS Group Holdings Ltd,FSM,,,462,SGD,462.00
2025-06-06,N2IU,Mapletree Com Tr,FSM,,,0.32,SGD,0.32
2025-06-06,N2IU,Mapletree Com Tr,FSM,,,14.72,SGD,14.72
2025-06-06,N2IU,Mapletree Com Tr,FSM,,,47.36,SGD,47.36
2025-06-10,01310,HKBN,Tiger Prime,,,8835,HKD,1455.12
2025-06-11,01038,Cheung Kong Infrastructure,Tiger Prime,,,2790,HKD,459.51
2025-06-16,00101,Hang Lung Properties,Tiger Cash Boost,,,400,HKD,65.88
2025-06-16,00010,Hang Lung Group,Tiger Prime,,,4550,HKD,749.39
2025-06-16,00101,Hang Lung Properties,Tiger Prime,,,6800,HKD,1119.96
2025-06-20,01883,CITIC Telecom,Tiger Prime,,,1408,HKD,231.90
2025-06-25,O5RU,AIMS APAC REIT,FSM,,,40.07,SGD,40.07
2025-06-25,O5RU,AIMS APAC REIT,FSM,,,852.39,SGD,852.39
2025-06-25,O5RU,AIMS APAC REIT,FSM,,,63.88,SGD,63.88
2025-06-25,O5RU,AIMS APAC REIT,SRS,5000,0.0253,126.5,SGD,126.50
2025-07-07,NVDA,NVIDIA,Tiger Prime,,,1,USD,1.29
2025-07-11,BABA,Alibaba,Tiger Prime,,,2,USD,2.58
2025-08-05,00823,LINK REIT,Tiger Prime,,,6872.5,HKD,1131.90
2025-08-25,D05,DBS Group Holdings Ltd,CPF,1210,0.75,907.5,SGD,907.50
2025-08-25,D05,DBS Group Holdings Ltd,FSM,,,1848,SGD,1848.00
2025-08-25,D05,DBS Group Holdings Ltd,FSM,,,462,SGD,462.00
2025-08-26,S61,SBS Transit,SRS,5400,0.0895,483.3,SGD,483.30
2025-08-26,01523,Plover Bay Tech,Tiger Prime,,,7897.6,HKD,1300.73
2025-08-26,S61,SBS Transit,Tiger Prime,,,152.15,SGD,152.15
2025-08-28,C52,ComfortDelGro,CPF,7200,0.0391,281.52,SGD,281.52
2025-08-28,F34,Wilmar,FSM,,,44,SGD,44.00
2025-08-28,UD1U,IREIT Global,FSM,,,263.4,EUR,390.17
2025-08-28,UD1U,IREIT Global,FSM,,,48.29,EUR,71.53
2025-08-28,UD1U,IREIT Global,SRS,136205,0.0071,967.06,EUR,1432.51
2025-08-28,C52,ComfortDelGro,Tiger Prime,,,234.6,SGD,234.60
2025-08-28,F34,Wilmar,Tiger Prime,,,44,SGD,44.00
2025-09-11,N2IU,Mapletree Com Tr,FSM,,,5.44,SGD,5.44
2025-09-11,N2IU,Mapletree Com Tr,FSM,,,10.88,SGD,10.88
2025-09-11,N2IU,Mapletree Com Tr,FSM,,,48,SGD,48.00
2025-09-18,C38U,CapitaMall Trust,FSM,,,402.38,SGD,402.38
2025-09-18,C38U,CapitaMall Trust,FSM,,,20.46,SGD,20.46
2025-09-18,C38U,CapitaMall Trust,FSM,,,9.3,SGD,9.30
2025-09-24,O5RU,AIMS APAC REIT,FSM,,,742.01,SGD,742.01
2025-09-24,O5RU,AIMS APAC REIT,FSM,,,119.83,SGD,119.83
2025-09-24,O5RU,AIMS APAC REIT,SRS,5000,0.0228,114,SGD,114.00
2025-09-24,00101,Hang Lung Properties,Tiger Cash Boost,,,120,HKD,19.76
2025-09-24,00010,Hang Lung Group,Tiger Prime,,,1470,HKD,242.11
2025-09-24,00101,Hang Lung Properties,Tiger Prime,,,2040,HKD,335.99
2025-09-24,01038,Cheung Kong Infrastructure,Tiger Prime,,,1095,HKD,180.35
2025-09-26,CRPU,SASSEUR REIT,FSM,,,145.09,SGD,145.09
2025-09-26,CRPU,SASSEUR REIT,FSM,,,22.94,SGD,22.94
2025-09-26,01883,CITIC Telecom,Tiger Prime,,,660,HKD,108.70
2025-09-26,SET,Stoneweg European Reit,Tiger Prime,,,1288.78,SGD,1288.78
2025-11-24,D05,DBS Group Holdings Ltd,CPF,1210,0.75,907.5,SGD,907.50
2025-11-24,D05,DBS Group Holdings Ltd,FSM,,,1848,SGD,1848.00
2025-11-24,D05,DBS Group Holdings Ltd,FSM,,,462,SGD,462.00
2025-12-04,N2IU,Mapletree Com Tr,FSM,,,0.96,SGD,0.96
2025-12-04,N2IU,Mapletree Com Tr,FSM,,,14.08,SGD,14.08
2025-12-04,N2IU,Mapletree Com Tr,FSM,,,49.28,SGD,49.28
2025-12-24,O5RU,AIMS APAC REIT,FSM,,,167.08,SGD,167.08
2025-12-24,O5RU,AIMS APAC REIT,FSM,,,755.24,SGD,755.24
2025-12-24,O5RU,AIMS APAC REIT,SRS,5000,0.0244,122,SGD,122.00
2026-01-02,00823,LINK REIT,Tiger Prime,,,6344,HKD,1044.86
2026-01-06,01310,HKBN,Tiger Prime,,,5103,HKD,840.46
2026-03-18,N2IU,Mapletree Com Tr,FSM,,,13.44,SGD,13.44
2026-03-18,N2IU,Mapletree Com Tr,FSM,,,0.96,SGD,0.96
2026-03-18,N2IU,Mapletree Com Tr,FSM,,,51.2,SGD,51.20
2026-03-24,C38U,CapitaMall Trust,FSM,,,22.32,SGD,22.32
2026-03-24,C38U,CapitaMall Trust,FSM,,,252.34,SGD,252.34
2026-03-24,C38U,CapitaMall Trust,FSM,,,11.16,SGD,11.16
2026-03-26,CRPU,SASSEUR REIT,FSM,,,169.57,SGD,169.57
2026-03-26,O5RU,AIMS APAC REIT,FSM,,,854.28,SGD,854.28
2026-03-26,O5RU,AIMS APAC REIT,FSM,,,102.06,SGD,102.06
2026-03-26,UD1U,IREIT Global,FSM,,,48.29,EUR,71.53
2026-03-26,UD1U,IREIT Global,FSM,,,118.53,EUR,175.58
2026-03-26,O5RU,AIMS APAC REIT,SRS,5000,0.0253,126.5,SGD,126.50
2026-03-26,UD1U,IREIT Global,SRS,222205,0.0038,844.38,EUR,1250.78
2026-03-26,01523,Plover Bay Tech,Tiger Prime,,,14201.6,HKD,2339.00
2026-03-30,CMOU,Keppel Pacific Oak US Reit,Tiger Prime,,,111.03,SGD,111.03
2026-03-31,SET,Stoneweg European Reit,Tiger Prime,,,1322.15,SGD,1322.15
2026-04-17,D05,DBS Group Holdings Ltd,CPF,1210,0.81,980.1,SGD,980.10
2026-04-17,D05,DBS Group Holdings Ltd,FSM,,,462,SGD,462.00
2026-04-17,D05,DBS Group Holdings Ltd,FSM,,,2032.8,SGD,2032.80
2026-05-11,S61,SBS Transit,SRS,5400,0.4065,2195.1,SGD,2195.10
2026-05-13,C52,ComfortDelGro,CPF,7200,0.0459,330.48,SGD,330.48
2026-05-13,C52,ComfortDelGro,Tiger Prime,,,275.4,SGD,275.40
2026-05-14,F34,Wilmar,Tiger Cash Boost,,,500,SGD,500.00
2026-05-14,F34,Wilmar,Tiger Prime,,,110,SGD,110.00
2026-05-20,D05,DBS Group Holdings Ltd,CPF,1210,0.81,980.1,SGD,980.10
2026-06-10,01038,Cheung Kong Infrastructure,Tiger Prime,,,2820,HKD,464.45
2026-06-10,01310,HKBN,Tiger Prime,,,4185,HKD,689.27
2026-06-15,00010,Hang Lung Group,Tiger Prime,,,4550,HKD,749.39
2026-06-16,00101,Hang Lung Properties,Tiger Cash Boost,,,400,HKD,65.88
2026-06-16,00101,Hang Lung Properties,Tiger Prime,,,6800,HKD,1119.96
